{
  "title": "Token Talk",
  "description": "Press B to move the speech bubble to the selected token, again to dismiss. Intended as a sort of 'talking stick' for games over voice char",
  "version": "0.0.8",
  "scripts": [
    "module.js"
  ],
  "url": "https://github.com/xaukael/token-talk",
  "socket": true,
  "manifest": "https://raw.githubusercontent.com/xaukael/token-talk/main/module.json",
  "download": "https://raw.githubusercontent.com/xaukael/token-talk/main/token-talk.zip",
  "id": "token-talk",
  "authors": [
    {
      "name": "Xaukael",
      "flags": {}
    }
  ],
  "relationships": {
    "requires": [
      {
        "id": "socketlib",
        "type": "module",
        "compatibility": {}
      }
    ]
  },
  "compatibility": {
    "minimum": "9",
    "verified": "11"
  }
}