{
    "name": "token-talk",
    "title": "Token Talk",
    "description": "Press B to move the speech bubble to the selected token, again to dismiss. Intended as a sort of 'talking stick' for games over voice char",
    "author": "Xaukael",
    "version": "0.0.6",
    "minimumCoreVersion": "9",
    "compatibleCoreVersion": "9",
    "scripts": ["module.js"],
    "dependencies": [
      {"name": "socketlib"}
    ],
    "url": "https://github.com/xaukael/token-talk",
	"socket": true,
    "manifest": "https://raw.githubusercontent.com/xaukael/token-talk/main/module.json",
    "download": "https://raw.githubusercontent.com/xaukael/token-talk/main/token-talk.zip"
}